{
  "total_unique_objects": 1,
  "session_timestamp": "20251111_181932",
  "camera_mode": "infrared",
  "objects": [
    {
      "global_id": 1,
      "class": "bird-nest",
      "position": {
        "x": 0.2396438242941115,
        "y": -0.5710702356215973,
        "z": -0.17277536057783782
      },
      "first_seen": 128,
      "last_seen": 316,
      "detection_count": 9,
      "duration_seconds": 188
    }
  ]
}